{
  "ident": "(9ed909d8-ac8e-4615-9191-52a800ccf83f|KoreanwGlasses)",
  "home": {
    "dim": 0,
    "pitch": 14.250036,
    "yaw": 281.3291,
    "xd": 457.84330491904694,
    "yd": 139.0,
    "zd": -235.56433648172617
  },
  "lastTeleportOrigin": {
    "dim": 0,
    "pitch": 23.70003,
    "yaw": 354.9787,
    "xd": 455.5,
    "yd": 50.0,
    "zd": -201.5
  },
  "lastTeleportTime": 1489683539216,
  "selDim": 0,
  "inventoryGroups": {},
  "activeInventoryGroup": "default",
  "timePlayed": 30472649,
  "firstLogin": "Mar 13, 2017 7:10:22 PM",
  "lastLogin": "Mar 16, 2017 12:49:59 PM",
  "lastLogout": "Mar 16, 2017 1:00:39 PM",
  "namedTimeout": {}
}