{
  "ident": "(9ed909d8-ac8e-4615-9191-52a800ccf83f|KoreanwGlasses)",
  "home": {
    "dim": 0,
    "pitch": 14.250036,
    "yaw": 281.3291,
    "xd": 457.84330491904694,
    "yd": 139.0,
    "zd": -235.56433648172617
  },
  "lastTeleportOrigin": {
    "dim": 0,
    "pitch": 75.450096,
    "yaw": 222.52954,
    "xd": 232.08010880262248,
    "yd": 96.56731624566326,
    "zd": -72.1961754869447
  },
  "lastTeleportTime": 1489809409021,
  "selDim": 0,
  "inventoryGroups": {},
  "activeInventoryGroup": "default",
  "timePlayed": 60196625,
  "firstLogin": "Mar 13, 2017 7:10:22 PM",
  "lastLogin": "Mar 17, 2017 10:11:36 PM",
  "lastLogout": "Mar 17, 2017 11:58:28 PM",
  "namedTimeout": {}
}