{
  "ident": "(9ed909d8-ac8e-4615-9191-52a800ccf83f|KoreanwGlasses)",
  "home": {
    "dim": 0,
    "pitch": 14.250036,
    "yaw": 281.3291,
    "xd": 457.84330491904694,
    "yd": 139.0,
    "zd": -235.56433648172617
  },
  "lastTeleportOrigin": {
    "dim": 0,
    "pitch": 29.849861,
    "yaw": 290.312,
    "xd": -137.71464577086326,
    "yd": 77.1230047079385,
    "zd": -234.7336942906402
  },
  "lastTeleportTime": 1489627851213,
  "selDim": 0,
  "inventoryGroups": {},
  "activeInventoryGroup": "default",
  "timePlayed": 29605573,
  "firstLogin": "Mar 13, 2017 7:10:22 PM",
  "lastLogin": "Mar 15, 2017 10:49:30 PM",
  "lastLogout": "Mar 15, 2017 11:23:10 PM",
  "namedTimeout": {}
}