{
  "ident": "(9ed909d8-ac8e-4615-9191-52a800ccf83f|KoreanwGlasses)",
  "home": {
    "dim": 0,
    "pitch": 14.250036,
    "yaw": 281.3291,
    "xd": 457.84330491904694,
    "yd": 139.0,
    "zd": -235.56433648172617
  },
  "lastTeleportOrigin": {
    "dim": 0,
    "pitch": 39.599815,
    "yaw": 211.87978,
    "xd": 616.4891199522939,
    "yd": 43.20000004768371,
    "zd": -604.5388372441279
  },
  "lastTeleportTime": 1489709655858,
  "selDim": 0,
  "inventoryGroups": {},
  "activeInventoryGroup": "default",
  "timePlayed": 38830834,
  "firstLogin": "Mar 13, 2017 7:10:22 PM",
  "lastLogin": "Mar 16, 2017 11:45:20 PM",
  "lastLogout": "Mar 16, 2017 11:51:38 PM",
  "namedTimeout": {}
}